tender_id,company_id,amount,won
T01,C001,1000000,1
T01,C002,1025000,0
T01,C003,1038000,0
T02,C002,980000,1
T02,C001,1004000,0
T02,C003,1012000,0
T03,C003,1050000,1
T03,C001,1075000,0
T03,C002,1081000,0
T04,C001,995000,1
T04,C002,1019000,0
T04,C003,1031000,0
T05,C002,1010000,1
T05,C003,1036000,0
T05,C001,1044000,0
T06,C003,1020000,1
T06,C002,1047000,0
T06,C001,1052000,0
T07,C009,870000,1
T07,C010,990000,0
T07,C011,1060000,0
T07,C001,1110000,0
T08,C010,1200000,1
T08,C009,1310000,0
T08,C011,1450000,0
T09,C011,760000,1
T09,C009,845000,0
T09,C010,910000,0
T10,C004,300000,1
T10,C005,309000,0
T11,C005,310000,1
T11,C004,318000,0
T12,C004,305000,1
T12,C005,314000,0
T12,C006,340000,0
T13,C008,450000,1
T14,C008,470000,1
T15,C008,455000,1
